"","date","fuel","region","price"
"1",2012-01-03,"93 ULP","inland",1043
"2",2012-02-01,"93 ULP","inland",1077
"3",2012-03-07,"93 ULP","inland",1105
"4",2012-04-04,"93 ULP","inland",1177
"5",2012-05-02,"93 ULP","inland",1205
"6",2012-06-06,"93 ULP","inland",1150
"7",2012-07-04,"93 ULP","inland",1061
"8",2012-08-01,"93 ULP","inland",1083
"9",2012-09-05,"93 ULP","inland",1176
"10",2012-10-03,"93 ULP","inland",1197
"11",2012-11-07,"93 ULP","inland",1187
"12",2012-12-05,"93 ULP","inland",1178
"13",2013-01-02,"93 ULP","inland",1165
"14",2013-02-06,"93 ULP","inland",1206
"15",2013-03-06,"93 ULP","inland",1287
"16",2013-04-03,"93 ULP","inland",1297
"17",2013-05-01,"93 ULP","inland",1224
"18",2013-06-05,"93 ULP","inland",1216
"19",2013-07-03,"93 ULP","inland",1300
"20",2013-08-07,"93 ULP","inland",1332
"21",2013-09-04,"93 ULP","inland",1327
"22",2013-10-02,"93 ULP","inland",1308
"23",2013-11-06,"93 ULP","inland",1280
"24",2013-12-04,"93 ULP","inland",1297
"25",2014-01-01,"93 ULP","inland",1336
"26",2014-02-05,"93 ULP","inland",1375
"27",2014-03-05,"93 ULP","inland",1411
"28",2014-04-02,"93 ULP","inland",1416
"29",2014-05-07,"93 ULP","inland",1401
"30",2014-06-04,"93 ULP","inland",1379
"31",2014-07-02,"93 ULP","inland",1408
"32",2014-08-06,"93 ULP","inland",1408
"33",2014-09-03,"93 ULP","inland",1341
"34",2014-10-01,"93 ULP","inland",1343
"35",2014-11-05,"93 ULP","inland",1298
"36",2014-12-03,"93 ULP","inland",1229
"37",2015-01-07,"93 ULP","inland",1102
"38",2015-02-04,"93 ULP","inland",1009
"39",2015-03-04,"93 ULP","inland",1105
"40",2015-04-01,"93 ULP","inland",1261
"41",2015-05-06,"93 ULP","inland",1261
"42",2015-06-03,"93 ULP","inland",1308
"43",2015-07-01,"93 ULP","inland",1352
"44",2015-08-05,"93 ULP","inland",1301
"45",2015-09-02,"93 ULP","inland",1232
"46",2015-10-07,"93 ULP","inland",1230
"47",2015-11-04,"93 ULP","inland",1208
"48",2015-12-02,"93 ULP","inland",1209
"49",2016-01-06,"93 ULP","inland",1209
"50",2016-02-03,"93 ULP","inland",1215
"51",2016-03-02,"93 ULP","inland",1146
"52",2016-04-06,"93 ULP","inland",1232
"53",2016-05-04,"93 ULP","inland",1244
"54",2016-06-01,"93 ULP","inland",1296
"55",2016-07-06,"93 ULP","inland",1307
"56",2016-08-03,"93 ULP","inland",1208
"57",2016-09-07,"93 ULP","inland",1190
"58",2016-10-05,"93 ULP","inland",1234
"59",2016-11-02,"93 ULP","inland",1279
"60",2016-12-07,"93 ULP","inland",1259
"61",2017-01-04,"93 ULP","inland",1309
"62",2017-02-01,"93 ULP","inland",1338
"63",2017-03-01,"93 ULP","inland",1330
"64",2017-04-05,"93 ULP","inland",1308
"65",2017-05-03,"93 ULP","inland",1357
"66",2017-06-07,"93 ULP","inland",1332
"67",2017-07-05,"93 ULP","inland",1263
"68",2017-08-02,"93 ULP","inland",1282
"69",2017-09-06,"93 ULP","inland",1349
"70",2017-10-04,"93 ULP","inland",1374
"71",2017-11-01,"93 ULP","inland",1378
"72",2017-12-06,"93 ULP","inland",1449
"73",2018-01-03,"93 ULP","inland",1420
"74",2018-02-07,"93 ULP","inland",1390
"75",2018-03-07,"93 ULP","inland",1354
"76",2018-04-04,"93 ULP","inland",1423
"77",2018-05-02,"93 ULP","inland",1472
"78",2018-06-06,"93 ULP","inland",1554
"79",2018-07-04,"93 ULP","inland",1580
"80",2018-08-01,"93 ULP","inland",1581
"81",2018-09-05,"93 ULP","inland",1586
"82",2018-10-03,"93 ULP","inland",1685
"83",2018-11-07,"93 ULP","inland",1685
"84",2018-12-05,"93 ULP","inland",1501
"85",2019-01-02,"93 ULP","inland",1379
"86",2019-02-06,"93 ULP","inland",1386
"87",2019-03-06,"93 ULP","inland",1460
"88",2019-04-03,"93 ULP","inland",1594
"89",2019-05-01,"93 ULP","inland",1648
"90",2019-06-05,"93 ULP","inland",1657
"91",2019-07-03,"93 ULP","inland",1561
"92",2019-08-07,"93 ULP","inland",1572
"93",2019-09-04,"93 ULP","inland",1583
"94",2019-10-02,"93 ULP","inland",1579
"95",2019-11-06,"93 ULP","inland",1566
"96",2019-12-04,"93 ULP","inland",1588
"97",2020-01-01,"93 ULP","inland",1584
"98",2020-02-05,"93 ULP","inland",1571
"99",2020-03-04,"93 ULP","inland",1552
"100",2020-04-01,"93 ULP","inland",1376
"101",2020-05-06,"93 ULP","inland",1202
"102",2020-06-03,"93 ULP","inland",1320
"103",2020-07-01,"93 ULP","inland",1483
"104",2020-08-05,"93 ULP","inland",1488
"105",2020-09-02,"93 ULP","inland",1489
"106",2020-10-07,"93 ULP","inland",1466
"107",2020-11-04,"93 ULP","inland",1439
"108",2020-12-02,"93 ULP","inland",1426
"109",2021-01-06,"93 ULP","inland",1469
"110",2012-01-03,"95 ULP","coastal",1031
"111",2012-02-01,"95 ULP","coastal",1065
"112",2012-03-07,"95 ULP","coastal",1093
"113",2012-04-04,"95 ULP","coastal",1159
"114",2012-05-02,"95 ULP","coastal",1187
"115",2012-06-06,"95 ULP","coastal",1132
"116",2012-07-04,"95 ULP","coastal",1047
"117",2012-08-01,"95 ULP","coastal",1069
"118",2012-09-05,"95 ULP","coastal",1162
"119",2012-10-03,"95 ULP","coastal",1185
"120",2012-11-07,"95 ULP","coastal",1175
"121",2012-12-05,"95 ULP","coastal",1166
"122",2013-01-02,"95 ULP","coastal",1151
"123",2013-02-06,"95 ULP","coastal",1192
"124",2013-03-06,"95 ULP","coastal",1273
"125",2013-04-03,"95 ULP","coastal",1283
"126",2013-05-01,"95 ULP","coastal",1210
"127",2013-06-05,"95 ULP","coastal",1202
"128",2013-07-03,"95 ULP","coastal",1286
"129",2013-08-07,"95 ULP","coastal",1318
"130",2013-09-04,"95 ULP","coastal",1313
"131",2013-10-02,"95 ULP","coastal",1293
"132",2013-11-06,"95 ULP","coastal",1265
"133",2013-12-04,"95 ULP","coastal",1282
"134",2014-01-01,"95 ULP","coastal",1320
"135",2014-02-05,"95 ULP","coastal",1359
"136",2014-03-05,"95 ULP","coastal",1395
"137",2014-04-02,"95 ULP","coastal",1398
"138",2014-05-07,"95 ULP","coastal",1383
"139",2014-06-04,"95 ULP","coastal",1361
"140",2014-07-02,"95 ULP","coastal",1392
"141",2014-08-06,"95 ULP","coastal",1392
"142",2014-09-03,"95 ULP","coastal",1325
"143",2014-10-01,"95 ULP","coastal",1320
"144",2014-11-05,"95 ULP","coastal",1275
"145",2014-12-03,"95 ULP","coastal",1206
"146",2015-01-07,"95 ULP","coastal",1083
"147",2015-02-04,"95 ULP","coastal",990
"148",2015-03-04,"95 ULP","coastal",1086
"149",2015-04-01,"95 ULP","coastal",1246
"150",2015-05-06,"95 ULP","coastal",1246
"151",2015-06-03,"95 ULP","coastal",1293
"152",2015-07-01,"95 ULP","coastal",1334
"153",2015-08-05,"95 ULP","coastal",1283
"154",2015-09-02,"95 ULP","coastal",1214
"155",2015-10-07,"95 ULP","coastal",1218
"156",2015-11-04,"95 ULP","coastal",1196
"157",2015-12-02,"95 ULP","coastal",1197
"158",2016-01-06,"95 ULP","coastal",1194
"159",2016-02-03,"95 ULP","coastal",1200
"160",2016-03-02,"95 ULP","coastal",1131
"161",2016-04-06,"95 ULP","coastal",1214
"162",2016-05-04,"95 ULP","coastal",1226
"163",2016-06-01,"95 ULP","coastal",1278
"164",2016-07-06,"95 ULP","coastal",1286
"165",2016-08-03,"95 ULP","coastal",1187
"166",2016-09-07,"95 ULP","coastal",1169
"167",2016-10-05,"95 ULP","coastal",1212
"168",2016-11-02,"95 ULP","coastal",1257
"169",2016-12-07,"95 ULP","coastal",1237
"170",2017-01-04,"95 ULP","coastal",1285
"171",2017-02-01,"95 ULP","coastal",1314
"172",2017-03-01,"95 ULP","coastal",1306
"173",2017-04-05,"95 ULP","coastal",1281
"174",2017-05-03,"95 ULP","coastal",1330
"175",2017-06-07,"95 ULP","coastal",1305
"176",2017-07-05,"95 ULP","coastal",1237
"177",2017-08-02,"95 ULP","coastal",1256
"178",2017-09-06,"95 ULP","coastal",1323
"179",2017-10-04,"95 ULP","coastal",1352
"180",2017-11-01,"95 ULP","coastal",1356
"181",2017-12-06,"95 ULP","coastal",1427
"182",2018-01-03,"95 ULP","coastal",1393
"183",2018-02-07,"95 ULP","coastal",1363
"184",2018-03-07,"95 ULP","coastal",1327
"185",2018-04-04,"95 ULP","coastal",1389
"186",2018-05-02,"95 ULP","coastal",1438
"187",2018-06-06,"95 ULP","coastal",1520
"188",2018-07-04,"95 ULP","coastal",1543
"189",2018-08-01,"95 ULP","coastal",1544
"190",2018-09-05,"95 ULP","coastal",1549
"191",2018-10-03,"95 ULP","coastal",1649
"192",2018-11-07,"95 ULP","coastal",1649
"193",2018-12-05,"95 ULP","coastal",1465
"194",2019-01-02,"95 ULP","coastal",1342
"195",2019-02-06,"95 ULP","coastal",1349
"196",2019-03-06,"95 ULP","coastal",1423
"197",2019-04-03,"95 ULP","coastal",1549
"198",2019-05-01,"95 ULP","coastal",1603
"199",2019-06-05,"95 ULP","coastal",1612
"200",2019-07-03,"95 ULP","coastal",1517
"201",2019-08-07,"95 ULP","coastal",1528
"202",2019-09-04,"95 ULP","coastal",1539
"203",2019-10-02,"95 ULP","coastal",1557
"204",2019-11-06,"95 ULP","coastal",1544
"205",2019-12-04,"95 ULP","coastal",1566
"206",2020-01-01,"95 ULP","coastal",1552
"207",2020-02-05,"95 ULP","coastal",1539
"208",2020-03-04,"95 ULP","coastal",1520
"209",2020-04-01,"95 ULP","coastal",1326
"210",2020-05-06,"95 ULP","coastal",1152
"211",2020-06-03,"95 ULP","coastal",1270
"212",2020-07-01,"95 ULP","coastal",1442
"213",2020-08-05,"95 ULP","coastal",1447
"214",2020-09-02,"95 ULP","coastal",1448
"215",2020-10-07,"95 ULP","coastal",1416
"216",2020-11-04,"95 ULP","coastal",1389
"217",2020-12-02,"95 ULP","coastal",1376
"218",2021-01-06,"95 ULP","coastal",1416
"219",2012-01-03,"95 ULP","inland",1061
"220",2012-02-01,"95 ULP","inland",1095
"221",2012-03-07,"95 ULP","inland",1123
"222",2012-04-04,"95 ULP","inland",1194
"223",2012-05-02,"95 ULP","inland",1222
"224",2012-06-06,"95 ULP","inland",1167
"225",2012-07-04,"95 ULP","inland",1082
"226",2012-08-01,"95 ULP","inland",1104
"227",2012-09-05,"95 ULP","inland",1197
"228",2012-10-03,"95 ULP","inland",1220
"229",2012-11-07,"95 ULP","inland",1210
"230",2012-12-05,"95 ULP","inland",1201
"231",2013-01-02,"95 ULP","inland",1186
"232",2013-02-06,"95 ULP","inland",1227
"233",2013-03-06,"95 ULP","inland",1308
"234",2013-04-03,"95 ULP","inland",1320
"235",2013-05-01,"95 ULP","inland",1247
"236",2013-06-05,"95 ULP","inland",1239
"237",2013-07-03,"95 ULP","inland",1323
"238",2013-08-07,"95 ULP","inland",1355
"239",2013-09-04,"95 ULP","inland",1350
"240",2013-10-02,"95 ULP","inland",1330
"241",2013-11-06,"95 ULP","inland",1302
"242",2013-12-04,"95 ULP","inland",1319
"243",2014-01-01,"95 ULP","inland",1357
"244",2014-02-05,"95 ULP","inland",1396
"245",2014-03-05,"95 ULP","inland",1432
"246",2014-04-02,"95 ULP","inland",1439
"247",2014-05-07,"95 ULP","inland",1424
"248",2014-06-04,"95 ULP","inland",1402
"249",2014-07-02,"95 ULP","inland",1433
"250",2014-08-06,"95 ULP","inland",1433
"251",2014-09-03,"95 ULP","inland",1366
"252",2014-10-01,"95 ULP","inland",1361
"253",2014-11-05,"95 ULP","inland",1316
"254",2014-12-03,"95 ULP","inland",1247
"255",2015-01-07,"95 ULP","inland",1124
"256",2015-02-04,"95 ULP","inland",1031
"257",2015-03-04,"95 ULP","inland",1127
"258",2015-04-01,"95 ULP","inland",1289
"259",2015-05-06,"95 ULP","inland",1289
"260",2015-06-03,"95 ULP","inland",1336
"261",2015-07-01,"95 ULP","inland",1377
"262",2015-08-05,"95 ULP","inland",1326
"263",2015-09-02,"95 ULP","inland",1257
"264",2015-10-07,"95 ULP","inland",1261
"265",2015-11-04,"95 ULP","inland",1239
"266",2015-12-02,"95 ULP","inland",1240
"267",2016-01-06,"95 ULP","inland",1237
"268",2016-02-03,"95 ULP","inland",1243
"269",2016-03-02,"95 ULP","inland",1174
"270",2016-04-06,"95 ULP","inland",1262
"271",2016-05-04,"95 ULP","inland",1274
"272",2016-06-01,"95 ULP","inland",1326
"273",2016-07-06,"95 ULP","inland",1334
"274",2016-08-03,"95 ULP","inland",1235
"275",2016-09-07,"95 ULP","inland",1217
"276",2016-10-05,"95 ULP","inland",1260
"277",2016-11-02,"95 ULP","inland",1305
"278",2016-12-07,"95 ULP","inland",1285
"279",2017-01-04,"95 ULP","inland",1333
"280",2017-02-01,"95 ULP","inland",1362
"281",2017-03-01,"95 ULP","inland",1354
"282",2017-04-05,"95 ULP","inland",1330
"283",2017-05-03,"95 ULP","inland",1379
"284",2017-06-07,"95 ULP","inland",1354
"285",2017-07-05,"95 ULP","inland",1286
"286",2017-08-02,"95 ULP","inland",1305
"287",2017-09-06,"95 ULP","inland",1372
"288",2017-10-04,"95 ULP","inland",1401
"289",2017-11-01,"95 ULP","inland",1405
"290",2017-12-06,"95 ULP","inland",1476
"291",2018-01-03,"95 ULP","inland",1442
"292",2018-02-07,"95 ULP","inland",1412
"293",2018-03-07,"95 ULP","inland",1376
"294",2018-04-04,"95 ULP","inland",1448
"295",2018-05-02,"95 ULP","inland",1497
"296",2018-06-06,"95 ULP","inland",1579
"297",2018-07-04,"95 ULP","inland",1602
"298",2018-08-01,"95 ULP","inland",1603
"299",2018-09-05,"95 ULP","inland",1608
"300",2018-10-03,"95 ULP","inland",1708
"301",2018-11-07,"95 ULP","inland",1708
"302",2018-12-05,"95 ULP","inland",1524
"303",2019-01-02,"95 ULP","inland",1401
"304",2019-02-06,"95 ULP","inland",1408
"305",2019-03-06,"95 ULP","inland",1482
"306",2019-04-03,"95 ULP","inland",1613
"307",2019-05-01,"95 ULP","inland",1667
"308",2019-06-05,"95 ULP","inland",1676
"309",2019-07-03,"95 ULP","inland",1581
"310",2019-08-07,"95 ULP","inland",1592
"311",2019-09-04,"95 ULP","inland",1603
"312",2019-10-02,"95 ULP","inland",1621
"313",2019-11-06,"95 ULP","inland",1608
"314",2019-12-04,"95 ULP","inland",1630
"315",2020-01-01,"95 ULP","inland",1616
"316",2020-02-05,"95 ULP","inland",1603
"317",2020-03-04,"95 ULP","inland",1584
"318",2020-04-01,"95 ULP","inland",1396
"319",2020-05-06,"95 ULP","inland",1222
"320",2020-06-03,"95 ULP","inland",1340
"321",2020-07-01,"95 ULP","inland",1512
"322",2020-08-05,"95 ULP","inland",1517
"323",2020-09-02,"95 ULP","inland",1518
"324",2020-10-07,"95 ULP","inland",1486
"325",2020-11-04,"95 ULP","inland",1459
"326",2020-12-02,"95 ULP","inland",1446
"327",2021-01-06,"95 ULP","inland",1486
"328",2012-01-03,"93 LRP","inland",1043
"329",2012-02-01,"93 LRP","inland",1077
"330",2012-03-07,"93 LRP","inland",1105
"331",2012-04-04,"93 LRP","inland",1177
"332",2012-05-02,"93 LRP","inland",1205
"333",2012-06-06,"93 LRP","inland",1150
"334",2012-07-04,"93 LRP","inland",1061
"335",2012-08-01,"93 LRP","inland",1083
"336",2012-09-05,"93 LRP","inland",1176
"337",2012-10-03,"93 LRP","inland",1197
"338",2012-11-07,"93 LRP","inland",1187
"339",2012-12-05,"93 LRP","inland",1178
"340",2013-01-02,"93 LRP","inland",1165
"341",2013-02-06,"93 LRP","inland",1206
"342",2013-03-06,"93 LRP","inland",1287
"343",2013-04-03,"93 LRP","inland",1297
"344",2013-05-01,"93 LRP","inland",1224
"345",2013-06-05,"93 LRP","inland",1216
"346",2013-07-03,"93 LRP","inland",1300
"347",2013-08-07,"93 LRP","inland",1332
"348",2013-09-04,"93 LRP","inland",1327
"349",2013-10-02,"93 LRP","inland",1308
"350",2013-11-06,"93 LRP","inland",1280
"351",2013-12-04,"93 LRP","inland",1297
"352",2014-01-01,"93 LRP","inland",1336
"353",2014-02-05,"93 LRP","inland",1375
"354",2014-03-05,"93 LRP","inland",1411
"355",2014-04-02,"93 LRP","inland",1416
"356",2014-05-07,"93 LRP","inland",1401
"357",2014-06-04,"93 LRP","inland",1379
"358",2014-07-02,"93 LRP","inland",1408
"359",2014-08-06,"93 LRP","inland",1408
"360",2014-09-03,"93 LRP","inland",1341
"361",2014-10-01,"93 LRP","inland",1343
"362",2014-11-05,"93 LRP","inland",1298
"363",2014-12-03,"93 LRP","inland",1229
"364",2015-01-07,"93 LRP","inland",1102
"365",2015-02-04,"93 LRP","inland",1009
"366",2015-03-04,"93 LRP","inland",1105
"367",2015-04-01,"93 LRP","inland",1261
"368",2015-05-06,"93 LRP","inland",1261
"369",2015-06-03,"93 LRP","inland",1308
"370",2015-07-01,"93 LRP","inland",1352
"371",2015-08-05,"93 LRP","inland",1301
"372",2015-09-02,"93 LRP","inland",1232
"373",2015-10-07,"93 LRP","inland",1230
"374",2015-11-04,"93 LRP","inland",1208
"375",2015-12-02,"93 LRP","inland",1209
"376",2016-01-06,"93 LRP","inland",1209
"377",2016-02-03,"93 LRP","inland",1215
"378",2016-03-02,"93 LRP","inland",1146
"379",2016-04-06,"93 LRP","inland",1232
"380",2016-05-04,"93 LRP","inland",1244
"381",2016-06-01,"93 LRP","inland",1296
"382",2016-07-06,"93 LRP","inland",1307
"383",2016-08-03,"93 LRP","inland",1208
"384",2016-09-07,"93 LRP","inland",1190
"385",2016-10-05,"93 LRP","inland",1234
"386",2016-11-02,"93 LRP","inland",1279
"387",2016-12-07,"93 LRP","inland",1259
"388",2017-01-04,"93 LRP","inland",1309
"389",2017-02-01,"93 LRP","inland",1338
"390",2017-03-01,"93 LRP","inland",1330
"391",2017-04-05,"93 LRP","inland",1308
"392",2017-05-03,"93 LRP","inland",1357
"393",2017-06-07,"93 LRP","inland",1332
"394",2017-07-05,"93 LRP","inland",1263
"395",2017-08-02,"93 LRP","inland",1282
"396",2017-09-06,"93 LRP","inland",1349
"397",2017-10-04,"93 LRP","inland",1374
"398",2017-11-01,"93 LRP","inland",1378
"399",2017-12-06,"93 LRP","inland",1449
"400",2018-01-03,"93 LRP","inland",1420
"401",2018-02-07,"93 LRP","inland",1390
"402",2018-03-07,"93 LRP","inland",1354
"403",2018-04-04,"93 LRP","inland",1423
"404",2018-05-02,"93 LRP","inland",1472
"405",2018-06-06,"93 LRP","inland",1554
"406",2018-07-04,"93 LRP","inland",1580
"407",2018-08-01,"93 LRP","inland",1581
"408",2018-09-05,"93 LRP","inland",1586
"409",2018-10-03,"93 LRP","inland",1685
"410",2018-11-07,"93 LRP","inland",1685
"411",2018-12-05,"93 LRP","inland",1501
"412",2019-01-02,"93 LRP","inland",1379
"413",2019-02-06,"93 LRP","inland",1386
"414",2019-03-06,"93 LRP","inland",1460
"415",2019-04-03,"93 LRP","inland",1594
"416",2019-05-01,"93 LRP","inland",1648
"417",2019-06-05,"93 LRP","inland",1657
"418",2019-07-03,"93 LRP","inland",1561
"419",2019-08-07,"93 LRP","inland",1572
"420",2019-09-04,"93 LRP","inland",1583
"421",2019-10-02,"93 LRP","inland",1579
"422",2019-11-06,"93 LRP","inland",1566
"423",2019-12-04,"93 LRP","inland",1588
"424",2020-01-01,"93 LRP","inland",1584
"425",2020-02-05,"93 LRP","inland",1571
"426",2020-03-04,"93 LRP","inland",1552
"427",2020-04-01,"93 LRP","inland",1376
"428",2020-05-06,"93 LRP","inland",1202
"429",2020-06-03,"93 LRP","inland",1320
"430",2020-07-01,"93 LRP","inland",1483
"431",2020-08-05,"93 LRP","inland",1488
"432",2020-09-02,"93 LRP","inland",1489
"433",2020-10-07,"93 LRP","inland",1466
"434",2020-11-04,"93 LRP","inland",1439
"435",2020-12-02,"93 LRP","inland",1426
"436",2021-01-06,"93 LRP","inland",1469
"437",2012-01-03,"95 LRP","coastal",1031
"438",2012-02-01,"95 LRP","coastal",1065
"439",2012-03-07,"95 LRP","coastal",1093
"440",2012-04-04,"95 LRP","coastal",1159
"441",2012-05-02,"95 LRP","coastal",1187
"442",2012-06-06,"95 LRP","coastal",1132
"443",2012-07-04,"95 LRP","coastal",1047
"444",2012-08-01,"95 LRP","coastal",1069
"445",2012-09-05,"95 LRP","coastal",1162
"446",2012-10-03,"95 LRP","coastal",1185
"447",2012-11-07,"95 LRP","coastal",1175
"448",2012-12-05,"95 LRP","coastal",1166
"449",2013-01-02,"95 LRP","coastal",1151
"450",2013-02-06,"95 LRP","coastal",1192
"451",2013-03-06,"95 LRP","coastal",1273
"452",2013-04-03,"95 LRP","coastal",1283
"453",2013-05-01,"95 LRP","coastal",1210
"454",2013-06-05,"95 LRP","coastal",1202
"455",2013-07-03,"95 LRP","coastal",1286
"456",2013-08-07,"95 LRP","coastal",1318
"457",2013-09-04,"95 LRP","coastal",1313
"458",2013-10-02,"95 LRP","coastal",1293
"459",2013-11-06,"95 LRP","coastal",1265
"460",2013-12-04,"95 LRP","coastal",1282
"461",2014-01-01,"95 LRP","coastal",1320
"462",2014-02-05,"95 LRP","coastal",1359
"463",2014-03-05,"95 LRP","coastal",1395
"464",2014-04-02,"95 LRP","coastal",1398
"465",2014-05-07,"95 LRP","coastal",1383
"466",2014-06-04,"95 LRP","coastal",1361
"467",2014-07-02,"95 LRP","coastal",1392
"468",2014-08-06,"95 LRP","coastal",1392
"469",2014-09-03,"95 LRP","coastal",1325
"470",2014-10-01,"95 LRP","coastal",1320
"471",2014-11-05,"95 LRP","coastal",1275
"472",2014-12-03,"95 LRP","coastal",1206
"473",2015-01-07,"95 LRP","coastal",1083
"474",2015-02-04,"95 LRP","coastal",990
"475",2015-03-04,"95 LRP","coastal",1086
"476",2015-04-01,"95 LRP","coastal",1246
"477",2015-05-06,"95 LRP","coastal",1246
"478",2015-06-03,"95 LRP","coastal",1293
"479",2015-07-01,"95 LRP","coastal",1334
"480",2015-08-05,"95 LRP","coastal",1283
"481",2015-09-02,"95 LRP","coastal",1214
"482",2015-10-07,"95 LRP","coastal",1218
"483",2015-11-04,"95 LRP","coastal",1196
"484",2015-12-02,"95 LRP","coastal",1197
"485",2016-01-06,"95 LRP","coastal",1194
"486",2016-02-03,"95 LRP","coastal",1200
"487",2016-03-02,"95 LRP","coastal",1131
"488",2016-04-06,"95 LRP","coastal",1214
"489",2016-05-04,"95 LRP","coastal",1226
"490",2016-06-01,"95 LRP","coastal",1278
"491",2016-07-06,"95 LRP","coastal",1286
"492",2016-08-03,"95 LRP","coastal",1187
"493",2016-09-07,"95 LRP","coastal",1169
"494",2016-10-05,"95 LRP","coastal",1212
"495",2016-11-02,"95 LRP","coastal",1257
"496",2016-12-07,"95 LRP","coastal",1237
"497",2017-01-04,"95 LRP","coastal",1285
"498",2017-02-01,"95 LRP","coastal",1314
"499",2017-03-01,"95 LRP","coastal",1306
"500",2017-04-05,"95 LRP","coastal",1281
"501",2017-05-03,"95 LRP","coastal",1330
"502",2017-06-07,"95 LRP","coastal",1305
"503",2017-07-05,"95 LRP","coastal",1237
"504",2017-08-02,"95 LRP","coastal",1256
"505",2017-09-06,"95 LRP","coastal",1323
"506",2017-10-04,"95 LRP","coastal",1352
"507",2017-11-01,"95 LRP","coastal",1356
"508",2017-12-06,"95 LRP","coastal",1427
"509",2018-01-03,"95 LRP","coastal",1393
"510",2018-02-07,"95 LRP","coastal",1363
"511",2018-03-07,"95 LRP","coastal",1327
"512",2018-04-04,"95 LRP","coastal",1389
"513",2018-05-02,"95 LRP","coastal",1438
"514",2018-06-06,"95 LRP","coastal",1520
"515",2018-07-04,"95 LRP","coastal",1543
"516",2018-08-01,"95 LRP","coastal",1544
"517",2018-09-05,"95 LRP","coastal",1549
"518",2018-10-03,"95 LRP","coastal",1649
"519",2018-11-07,"95 LRP","coastal",1649
"520",2018-12-05,"95 LRP","coastal",1465
"521",2019-01-02,"95 LRP","coastal",1342
"522",2019-02-06,"95 LRP","coastal",1349
"523",2019-03-06,"95 LRP","coastal",1423
"524",2019-04-03,"95 LRP","coastal",1549
"525",2019-05-01,"95 LRP","coastal",1603
"526",2019-06-05,"95 LRP","coastal",1612
"527",2019-07-03,"95 LRP","coastal",1517
"528",2019-08-07,"95 LRP","coastal",1528
"529",2019-09-04,"95 LRP","coastal",1539
"530",2019-10-02,"95 LRP","coastal",1557
"531",2019-11-06,"95 LRP","coastal",1544
"532",2019-12-04,"95 LRP","coastal",1566
"533",2020-01-01,"95 LRP","coastal",1552
"534",2020-02-05,"95 LRP","coastal",1539
"535",2020-03-04,"95 LRP","coastal",1520
"536",2020-04-01,"95 LRP","coastal",1326
"537",2020-05-06,"95 LRP","coastal",1152
"538",2020-06-03,"95 LRP","coastal",1270
"539",2020-07-01,"95 LRP","coastal",1442
"540",2020-08-05,"95 LRP","coastal",1447
"541",2020-09-02,"95 LRP","coastal",1448
"542",2020-10-07,"95 LRP","coastal",1416
"543",2020-11-04,"95 LRP","coastal",1389
"544",2020-12-02,"95 LRP","coastal",1376
"545",2021-01-06,"95 LRP","coastal",1416
"546",2012-01-03,"Diesel 0.05%","coastal",1007.29
"547",2012-02-01,"Diesel 0.05%","coastal",1006.29
"548",2012-03-07,"Diesel 0.05%","coastal",1016.67
"549",2012-04-04,"Diesel 0.05%","coastal",1064.27
"550",2012-05-02,"Diesel 0.05%","coastal",1073.67
"551",2012-06-06,"Diesel 0.05%","coastal",1048.85
"552",2012-07-04,"Diesel 0.05%","coastal",986.27
"553",2012-08-01,"Diesel 0.05%","coastal",1000.89
"554",2012-09-05,"Diesel 0.05%","coastal",1069.89
"555",2012-10-03,"Diesel 0.05%","coastal",1109.05
"556",2012-11-07,"Diesel 0.05%","coastal",1119.25
"557",2012-12-05,"Diesel 0.05%","coastal",1114.25
"558",2013-01-02,"Diesel 0.05%","coastal",1086.67
"559",2013-02-06,"Diesel 0.05%","coastal",1104.47
"560",2013-03-06,"Diesel 0.05%","coastal",1162.85
"561",2013-04-03,"Diesel 0.05%","coastal",1170.01
"562",2013-05-01,"Diesel 0.05%","coastal",1114.45
"563",2013-06-05,"Diesel 0.05%","coastal",1110.47
"564",2013-07-03,"Diesel 0.05%","coastal",1188.67
"565",2013-08-07,"Diesel 0.05%","coastal",1221.63
"566",2013-09-04,"Diesel 0.05%","coastal",1235.45
"567",2013-10-02,"Diesel 0.05%","coastal",1233.45
"568",2013-11-06,"Diesel 0.05%","coastal",1218.25
"569",2013-12-04,"Diesel 0.05%","coastal",1228.37
"570",2014-01-01,"Diesel 0.05%","coastal",1260.55
"571",2014-02-05,"Diesel 0.05%","coastal",1284.75
"572",2014-03-05,"Diesel 0.05%","coastal",1311.95
"573",2014-04-02,"Diesel 0.05%","coastal",1299.15
"574",2014-05-07,"Diesel 0.05%","coastal",1269.37
"575",2014-06-04,"Diesel 0.05%","coastal",1245.79
"576",2014-07-02,"Diesel 0.05%","coastal",1259.79
"577",2014-08-06,"Diesel 0.05%","coastal",1254.17
"578",2014-09-03,"Diesel 0.05%","coastal",1228.79
"579",2014-10-01,"Diesel 0.05%","coastal",1215.79
"580",2014-11-05,"Diesel 0.05%","coastal",1154.79
"581",2014-12-03,"Diesel 0.05%","coastal",1101.49
"582",2015-01-07,"Diesel 0.05%","coastal",997.49
"583",2015-02-04,"Diesel 0.05%","coastal",895.49
"584",2015-03-04,"Diesel 0.05%","coastal",969.49
"585",2015-04-01,"Diesel 0.05%","coastal",1090.09
"586",2015-05-06,"Diesel 0.05%","coastal",1085.09
"587",2015-06-03,"Diesel 0.05%","coastal",1134.09
"588",2015-07-01,"Diesel 0.05%","coastal",1138.09
"589",2015-08-05,"Diesel 0.05%","coastal",1062.27
"590",2015-09-02,"Diesel 0.05%","coastal",1008.27
"591",2015-10-07,"Diesel 0.05%","coastal",1061.27
"592",2015-11-04,"Diesel 0.05%","coastal",1052.27
"593",2015-12-02,"Diesel 0.05%","coastal",1048.47
"594",2016-01-06,"Diesel 0.05%","coastal",972.47
"595",2016-02-03,"Diesel 0.05%","coastal",910.47
"596",2016-03-02,"Diesel 0.05%","coastal",925.47
"597",2016-04-06,"Diesel 0.05%","coastal",1015.47
"598",2016-05-04,"Diesel 0.05%","coastal",1014.47
"599",2016-06-01,"Diesel 0.05%","coastal",1090.47
"600",2016-07-06,"Diesel 0.05%","coastal",1132.47
"601",2016-08-03,"Diesel 0.05%","coastal",1058.47
"602",2016-09-07,"Diesel 0.05%","coastal",1010.47
"603",2016-10-05,"Diesel 0.05%","coastal",1033.47
"604",2016-11-02,"Diesel 0.05%","coastal",1096.47
"605",2016-12-07,"Diesel 0.05%","coastal",1064.43
"606",2017-01-04,"Diesel 0.05%","coastal",1103.43
"607",2017-02-01,"Diesel 0.05%","coastal",1124.43
"608",2017-03-01,"Diesel 0.05%","coastal",1122.43
"609",2017-04-05,"Diesel 0.05%","coastal",1111.63
"610",2017-05-03,"Diesel 0.05%","coastal",1141.63
"611",2017-06-07,"Diesel 0.05%","coastal",1118.63
"612",2017-07-05,"Diesel 0.05%","coastal",1058.63
"613",2017-08-02,"Diesel 0.05%","coastal",1087.63
"614",2017-09-06,"Diesel 0.05%","coastal",1131.63
"615",2017-10-04,"Diesel 0.05%","coastal",1173.63
"616",2017-11-01,"Diesel 0.05%","coastal",1196.63
"617",2017-12-06,"Diesel 0.05%","coastal",1256.93
"618",2018-01-03,"Diesel 0.05%","coastal",1234.93
"619",2018-02-07,"Diesel 0.05%","coastal",1217.93
"620",2018-03-07,"Diesel 0.05%","coastal",1170.93
"621",2018-04-04,"Diesel 0.05%","coastal",1226.03
"622",2018-05-02,"Diesel 0.05%","coastal",1285.03
"623",2018-06-06,"Diesel 0.05%","coastal",1370.03
"624",2018-07-04,"Diesel 0.05%","coastal",1396.03
"625",2018-08-01,"Diesel 0.05%","coastal",1392.03
"626",2018-09-05,"Diesel 0.05%","coastal",1392.03
"627",2018-10-03,"Diesel 0.05%","coastal",1516.03
"628",2018-11-07,"Diesel 0.05%","coastal",1563.95
"629",2018-12-05,"Diesel 0.05%","coastal",1418.54
"630",2019-01-02,"Diesel 0.05%","coastal",1264.62
"631",2019-02-06,"Diesel 0.05%","coastal",1265.62
"632",2019-03-06,"Diesel 0.05%","coastal",1356.62
"633",2019-04-03,"Diesel 0.05%","coastal",1432.92
"634",2019-05-01,"Diesel 0.05%","coastal",1433.92
"635",2019-06-05,"Diesel 0.05%","coastal",1467.08
"636",2019-07-03,"Diesel 0.05%","coastal",1392.3
"637",2019-08-07,"Diesel 0.05%","coastal",1379.01
"638",2019-09-04,"Diesel 0.05%","coastal",1405.01
"639",2019-10-02,"Diesel 0.05%","coastal",1430.01
"640",2019-11-06,"Diesel 0.05%","coastal",1414.01
"641",2019-12-04,"Diesel 0.05%","coastal",1399.06
"642",2020-01-01,"Diesel 0.05%","coastal",1408.06
"643",2020-02-05,"Diesel 0.05%","coastal",1403.06
"644",2020-03-04,"Diesel 0.05%","coastal",1349.06
"645",2020-04-01,"Diesel 0.05%","coastal",1209.26
"646",2020-05-06,"Diesel 0.05%","coastal",1048.26
"647",2020-06-03,"Diesel 0.05%","coastal",1070.26
"648",2020-07-01,"Diesel 0.05%","coastal",1243.26
"649",2020-08-05,"Diesel 0.05%","coastal",1288.26
"650",2020-09-02,"Diesel 0.05%","coastal",1267.26
"651",2020-10-07,"Diesel 0.05%","coastal",1177.26
"652",2020-11-04,"Diesel 0.05%","coastal",1165.26
"653",2020-12-02,"Diesel 0.05%","coastal",1185.12
"654",2021-01-06,"Diesel 0.05%","coastal",1240.12
"655",2012-01-03,"Diesel 0.05%","inland",1027.69
"656",2012-02-01,"Diesel 0.05%","inland",1026.69
"657",2012-03-07,"Diesel 0.05%","inland",1037.07
"658",2012-04-04,"Diesel 0.05%","inland",1088
"659",2012-05-02,"Diesel 0.05%","inland",1098.37
"660",2012-06-06,"Diesel 0.05%","inland",1073.55
"661",2012-07-04,"Diesel 0.05%","inland",1010.97
"662",2012-08-01,"Diesel 0.05%","inland",1025.59
"663",2012-09-05,"Diesel 0.05%","inland",1094.59
"664",2012-10-03,"Diesel 0.05%","inland",1133.75
"665",2012-11-07,"Diesel 0.05%","inland",1143.95
"666",2012-12-05,"Diesel 0.05%","inland",1138.95
"667",2013-01-02,"Diesel 0.05%","inland",1111.37
"668",2013-02-06,"Diesel 0.05%","inland",1129.17
"669",2013-03-06,"Diesel 0.05%","inland",1187.55
"670",2013-04-03,"Diesel 0.05%","inland",1196.61
"671",2013-05-01,"Diesel 0.05%","inland",1141.05
"672",2013-06-05,"Diesel 0.05%","inland",1137.07
"673",2013-07-03,"Diesel 0.05%","inland",1215.27
"674",2013-08-07,"Diesel 0.05%","inland",1248.23
"675",2013-09-04,"Diesel 0.05%","inland",1262.05
"676",2013-10-02,"Diesel 0.05%","inland",1260.05
"677",2013-11-06,"Diesel 0.05%","inland",1244.85
"678",2013-12-04,"Diesel 0.05%","inland",1254.97
"679",2014-01-01,"Diesel 0.05%","inland",1287.15
"680",2014-02-05,"Diesel 0.05%","inland",1311.35
"681",2014-03-05,"Diesel 0.05%","inland",1338.55
"682",2014-04-02,"Diesel 0.05%","inland",1329.75
"683",2014-05-07,"Diesel 0.05%","inland",1299.97
"684",2014-06-04,"Diesel 0.05%","inland",1276.39
"685",2014-07-02,"Diesel 0.05%","inland",1290.39
"686",2014-08-06,"Diesel 0.05%","inland",1284.77
"687",2014-09-03,"Diesel 0.05%","inland",1259.39
"688",2014-10-01,"Diesel 0.05%","inland",1246.39
"689",2014-11-05,"Diesel 0.05%","inland",1185.39
"690",2014-12-03,"Diesel 0.05%","inland",1132.09
"691",2015-01-07,"Diesel 0.05%","inland",1028.09
"692",2015-02-04,"Diesel 0.05%","inland",926.09
"693",2015-03-04,"Diesel 0.05%","inland",1000.09
"694",2015-04-01,"Diesel 0.05%","inland",1122.79
"695",2015-05-06,"Diesel 0.05%","inland",1117.79
"696",2015-06-03,"Diesel 0.05%","inland",1166.79
"697",2015-07-01,"Diesel 0.05%","inland",1170.79
"698",2015-08-05,"Diesel 0.05%","inland",1094.97
"699",2015-09-02,"Diesel 0.05%","inland",1040.97
"700",2015-10-07,"Diesel 0.05%","inland",1093.97
"701",2015-11-04,"Diesel 0.05%","inland",1084.97
"702",2015-12-02,"Diesel 0.05%","inland",1081.17
"703",2016-01-06,"Diesel 0.05%","inland",1005.17
"704",2016-02-03,"Diesel 0.05%","inland",943.17
"705",2016-03-02,"Diesel 0.05%","inland",958.17
"706",2016-04-06,"Diesel 0.05%","inland",1053.87
"707",2016-05-04,"Diesel 0.05%","inland",1052.87
"708",2016-06-01,"Diesel 0.05%","inland",1128.87
"709",2016-07-06,"Diesel 0.05%","inland",1170.87
"710",2016-08-03,"Diesel 0.05%","inland",1096.87
"711",2016-09-07,"Diesel 0.05%","inland",1048.87
"712",2016-10-05,"Diesel 0.05%","inland",1071.87
"713",2016-11-02,"Diesel 0.05%","inland",1134.87
"714",2016-12-07,"Diesel 0.05%","inland",1102.83
"715",2017-01-04,"Diesel 0.05%","inland",1141.83
"716",2017-02-01,"Diesel 0.05%","inland",1162.83
"717",2017-03-01,"Diesel 0.05%","inland",1160.83
"718",2017-04-05,"Diesel 0.05%","inland",1150.33
"719",2017-05-03,"Diesel 0.05%","inland",1180.33
"720",2017-06-07,"Diesel 0.05%","inland",1157.33
"721",2017-07-05,"Diesel 0.05%","inland",1097.33
"722",2017-08-02,"Diesel 0.05%","inland",1126.33
"723",2017-09-06,"Diesel 0.05%","inland",1170.33
"724",2017-10-04,"Diesel 0.05%","inland",1212.33
"725",2017-11-01,"Diesel 0.05%","inland",1235.33
"726",2017-12-06,"Diesel 0.05%","inland",1295.63
"727",2018-01-03,"Diesel 0.05%","inland",1273.63
"728",2018-02-07,"Diesel 0.05%","inland",1256.63
"729",2018-03-07,"Diesel 0.05%","inland",1209.63
"730",2018-04-04,"Diesel 0.05%","inland",1274.83
"731",2018-05-02,"Diesel 0.05%","inland",1333.83
"732",2018-06-06,"Diesel 0.05%","inland",1418.83
"733",2018-07-04,"Diesel 0.05%","inland",1444.83
"734",2018-08-01,"Diesel 0.05%","inland",1440.83
"735",2018-09-05,"Diesel 0.05%","inland",1440.83
"736",2018-10-03,"Diesel 0.05%","inland",1564.83
"737",2018-11-07,"Diesel 0.05%","inland",1612.75
"738",2018-12-05,"Diesel 0.05%","inland",1467.34
"739",2019-01-02,"Diesel 0.05%","inland",1313.42
"740",2019-02-06,"Diesel 0.05%","inland",1314.42
"741",2019-03-06,"Diesel 0.05%","inland",1405.42
"742",2019-04-03,"Diesel 0.05%","inland",1487.12
"743",2019-05-01,"Diesel 0.05%","inland",1488.12
"744",2019-06-05,"Diesel 0.05%","inland",1521.28
"745",2019-07-03,"Diesel 0.05%","inland",1446.5
"746",2019-08-07,"Diesel 0.05%","inland",1433.21
"747",2019-09-04,"Diesel 0.05%","inland",1459.21
"748",2019-10-02,"Diesel 0.05%","inland",1484.21
"749",2019-11-06,"Diesel 0.05%","inland",1468.21
"750",2019-12-04,"Diesel 0.05%","inland",1453.26
"751",2020-01-01,"Diesel 0.05%","inland",1462.26
"752",2020-02-05,"Diesel 0.05%","inland",1457.26
"753",2020-03-04,"Diesel 0.05%","inland",1403.26
"754",2020-04-01,"Diesel 0.05%","inland",1269.56
"755",2020-05-06,"Diesel 0.05%","inland",1108.56
"756",2020-06-03,"Diesel 0.05%","inland",1130.56
"757",2020-07-01,"Diesel 0.05%","inland",1303.56
"758",2020-08-05,"Diesel 0.05%","inland",1348.56
"759",2020-09-02,"Diesel 0.05%","inland",1327.56
"760",2020-10-07,"Diesel 0.05%","inland",1237.56
"761",2020-11-04,"Diesel 0.05%","inland",1225.56
"762",2020-12-02,"Diesel 0.05%","inland",1245.42
"763",2021-01-06,"Diesel 0.05%","inland",1300.42
"764",2012-01-03,"Diesel 0.005%","coastal",1012.69
"765",2012-02-01,"Diesel 0.005%","coastal",1010.69
"766",2012-03-07,"Diesel 0.005%","coastal",1020.07
"767",2012-04-04,"Diesel 0.005%","coastal",1069.67
"768",2012-05-02,"Diesel 0.005%","coastal",1078.07
"769",2012-06-06,"Diesel 0.005%","coastal",1053.25
"770",2012-07-04,"Diesel 0.005%","coastal",991.67
"771",2012-08-01,"Diesel 0.005%","coastal",1007.29
"772",2012-09-05,"Diesel 0.005%","coastal",1076.29
"773",2012-10-03,"Diesel 0.005%","coastal",1116.45
"774",2012-11-07,"Diesel 0.005%","coastal",1125.65
"775",2012-12-05,"Diesel 0.005%","coastal",1119.65
"776",2013-01-02,"Diesel 0.005%","coastal",1091.07
"777",2013-02-06,"Diesel 0.005%","coastal",1108.87
"778",2013-03-06,"Diesel 0.005%","coastal",1167.25
"779",2013-04-03,"Diesel 0.005%","coastal",1175.41
"780",2013-05-01,"Diesel 0.005%","coastal",1118.85
"781",2013-06-05,"Diesel 0.005%","coastal",1114.87
"782",2013-07-03,"Diesel 0.005%","coastal",1193.07
"783",2013-08-07,"Diesel 0.005%","coastal",1226.03
"784",2013-09-04,"Diesel 0.005%","coastal",1240.85
"785",2013-10-02,"Diesel 0.005%","coastal",1238.85
"786",2013-11-06,"Diesel 0.005%","coastal",1221.65
"787",2013-12-04,"Diesel 0.005%","coastal",1231.77
"788",2014-01-01,"Diesel 0.005%","coastal",1263.95
"789",2014-02-05,"Diesel 0.005%","coastal",1288.15
"790",2014-03-05,"Diesel 0.005%","coastal",1316.35
"791",2014-04-02,"Diesel 0.005%","coastal",1304.55
"792",2014-05-07,"Diesel 0.005%","coastal",1274.77
"793",2014-06-04,"Diesel 0.005%","coastal",1249.19
"794",2014-07-02,"Diesel 0.005%","coastal",1263.19
"795",2014-08-06,"Diesel 0.005%","coastal",1258.57
"796",2014-09-03,"Diesel 0.005%","coastal",1234.19
"797",2014-10-01,"Diesel 0.005%","coastal",1221.19
"798",2014-11-05,"Diesel 0.005%","coastal",1161.19
"799",2014-12-03,"Diesel 0.005%","coastal",1106.89
"800",2015-01-07,"Diesel 0.005%","coastal",1001.89
"801",2015-02-04,"Diesel 0.005%","coastal",899.89
"802",2015-03-04,"Diesel 0.005%","coastal",973.89
"803",2015-04-01,"Diesel 0.005%","coastal",1096.49
"804",2015-05-06,"Diesel 0.005%","coastal",1091.49
"805",2015-06-03,"Diesel 0.005%","coastal",1137.49
"806",2015-07-01,"Diesel 0.005%","coastal",1141.49
"807",2015-08-05,"Diesel 0.005%","coastal",1067.67
"808",2015-09-02,"Diesel 0.005%","coastal",1016.67
"809",2015-10-07,"Diesel 0.005%","coastal",1067.67
"810",2015-11-04,"Diesel 0.005%","coastal",1057.67
"811",2015-12-02,"Diesel 0.005%","coastal",1055.87
"812",2016-01-06,"Diesel 0.005%","coastal",977.87
"813",2016-02-03,"Diesel 0.005%","coastal",914.87
"814",2016-03-02,"Diesel 0.005%","coastal",928.87
"815",2016-04-06,"Diesel 0.005%","coastal",1020.87
"816",2016-05-04,"Diesel 0.005%","coastal",1018.87
"817",2016-06-01,"Diesel 0.005%","coastal",1094.87
"818",2016-07-06,"Diesel 0.005%","coastal",1135.87
"819",2016-08-03,"Diesel 0.005%","coastal",1062.87
"820",2016-09-07,"Diesel 0.005%","coastal",1013.87
"821",2016-10-05,"Diesel 0.005%","coastal",1036.87
"822",2016-11-02,"Diesel 0.005%","coastal",1099.87
"823",2016-12-07,"Diesel 0.005%","coastal",1068.83
"824",2017-01-04,"Diesel 0.005%","coastal",1105.83
"825",2017-02-01,"Diesel 0.005%","coastal",1126.83
"826",2017-03-01,"Diesel 0.005%","coastal",1124.83
"827",2017-04-05,"Diesel 0.005%","coastal",1114.03
"828",2017-05-03,"Diesel 0.005%","coastal",1146.03
"829",2017-06-07,"Diesel 0.005%","coastal",1123.03
"830",2017-07-05,"Diesel 0.005%","coastal",1063.03
"831",2017-08-02,"Diesel 0.005%","coastal",1093.03
"832",2017-09-06,"Diesel 0.005%","coastal",1137.03
"833",2017-10-04,"Diesel 0.005%","coastal",1179.03
"834",2017-11-01,"Diesel 0.005%","coastal",1206.03
"835",2017-12-06,"Diesel 0.005%","coastal",1263.33
"836",2018-01-03,"Diesel 0.005%","coastal",1237.33
"837",2018-02-07,"Diesel 0.005%","coastal",1220.3
"838",2018-03-07,"Diesel 0.005%","coastal",1176.33
"839",2018-04-04,"Diesel 0.005%","coastal",1231.43
"840",2018-05-02,"Diesel 0.005%","coastal",1289.43
"841",2018-06-06,"Diesel 0.005%","coastal",1376.43
"842",2018-07-04,"Diesel 0.005%","coastal",1400.43
"843",2018-08-01,"Diesel 0.005%","coastal",1396.43
"844",2018-09-05,"Diesel 0.005%","coastal",1396.43
"845",2018-10-03,"Diesel 0.005%","coastal",1520.43
"846",2018-11-07,"Diesel 0.005%","coastal",1571.35
"847",2018-12-05,"Diesel 0.005%","coastal",1423.94
"848",2019-01-02,"Diesel 0.005%","coastal",1268.02
"849",2019-02-06,"Diesel 0.005%","coastal",1270.02
"850",2019-03-06,"Diesel 0.005%","coastal",1363.02
"851",2019-04-03,"Diesel 0.005%","coastal",1440.32
"852",2019-05-01,"Diesel 0.005%","coastal",1440.32
"853",2019-06-05,"Diesel 0.005%","coastal",1473.48
"854",2019-07-03,"Diesel 0.005%","coastal",1397.7
"855",2019-08-07,"Diesel 0.005%","coastal",1383.41
"856",2019-09-04,"Diesel 0.005%","coastal",1409.41
"857",2019-10-02,"Diesel 0.005%","coastal",1434.41
"858",2019-11-06,"Diesel 0.005%","coastal",1420.21
"859",2019-12-04,"Diesel 0.005%","coastal",1404.46
"860",2020-01-01,"Diesel 0.005%","coastal",1413.46
"861",2020-02-05,"Diesel 0.005%","coastal",1408.46
"862",2020-03-04,"Diesel 0.005%","coastal",1354.46
"863",2020-04-01,"Diesel 0.005%","coastal",1213.66
"864",2020-05-06,"Diesel 0.005%","coastal",1057.66
"865",2020-06-03,"Diesel 0.005%","coastal",1078.66
"866",2020-07-01,"Diesel 0.005%","coastal",1247.66
"867",2020-08-05,"Diesel 0.005%","coastal",1292.66
"868",2020-09-02,"Diesel 0.005%","coastal",1271.66
"869",2020-10-07,"Diesel 0.005%","coastal",1178.66
"870",2020-11-04,"Diesel 0.005%","coastal",1167.66
"871",2020-12-02,"Diesel 0.005%","coastal",1187.52
"872",2021-01-06,"Diesel 0.005%","coastal",1241.52
"873",2012-01-03,"Diesel 0.005%","inland",1033.09
"874",2012-02-01,"Diesel 0.005%","inland",1031.09
"875",2012-03-07,"Diesel 0.005%","inland",1040.47
"876",2012-04-04,"Diesel 0.005%","inland",1094.37
"877",2012-05-02,"Diesel 0.005%","inland",1102.77
"878",2012-06-06,"Diesel 0.005%","inland",1077.95
"879",2012-07-04,"Diesel 0.005%","inland",1016.37
"880",2012-08-01,"Diesel 0.005%","inland",1031.99
"881",2012-09-05,"Diesel 0.005%","inland",1100.99
"882",2012-10-03,"Diesel 0.005%","inland",1141.15
"883",2012-11-07,"Diesel 0.005%","inland",1150
"884",2012-12-05,"Diesel 0.005%","inland",1144.35
"885",2013-01-02,"Diesel 0.005%","inland",1115.77
"886",2013-02-06,"Diesel 0.005%","inland",1133.57
"887",2013-03-06,"Diesel 0.005%","inland",1191.95
"888",2013-04-03,"Diesel 0.005%","inland",1202.01
"889",2013-05-01,"Diesel 0.005%","inland",1145.45
"890",2013-06-05,"Diesel 0.005%","inland",1141.47
"891",2013-07-03,"Diesel 0.005%","inland",1219.67
"892",2013-08-07,"Diesel 0.005%","inland",1252.63
"893",2013-09-04,"Diesel 0.005%","inland",1267.45
"894",2013-10-02,"Diesel 0.005%","inland",1265.45
"895",2013-11-06,"Diesel 0.005%","inland",1248.25
"896",2013-12-04,"Diesel 0.005%","inland",1258.37
"897",2014-01-01,"Diesel 0.005%","inland",1290.55
"898",2014-02-05,"Diesel 0.005%","inland",1314.75
"899",2014-03-05,"Diesel 0.005%","inland",1342.95
"900",2014-04-02,"Diesel 0.005%","inland",1335.15
"901",2014-05-07,"Diesel 0.005%","inland",1305.37
"902",2014-06-04,"Diesel 0.005%","inland",1279.79
"903",2014-07-02,"Diesel 0.005%","inland",1293.79
"904",2014-08-06,"Diesel 0.005%","inland",1289.17
"905",2014-09-03,"Diesel 0.005%","inland",1264.79
"906",2014-10-01,"Diesel 0.005%","inland",1251.79
"907",2014-11-05,"Diesel 0.005%","inland",1191.79
"908",2014-12-03,"Diesel 0.005%","inland",1137.49
"909",2015-01-07,"Diesel 0.005%","inland",1032.49
"910",2015-02-04,"Diesel 0.005%","inland",930.49
"911",2015-03-04,"Diesel 0.005%","inland",1004.49
"912",2015-04-01,"Diesel 0.005%","inland",1129.19
"913",2015-05-06,"Diesel 0.005%","inland",1124.19
"914",2015-06-03,"Diesel 0.005%","inland",1170.19
"915",2015-07-01,"Diesel 0.005%","inland",1174.19
"916",2015-08-05,"Diesel 0.005%","inland",1100.37
"917",2015-09-02,"Diesel 0.005%","inland",1049.37
"918",2015-10-07,"Diesel 0.005%","inland",1100.37
"919",2015-11-04,"Diesel 0.005%","inland",1090.37
"920",2015-12-02,"Diesel 0.005%","inland",1088.57
"921",2016-01-06,"Diesel 0.005%","inland",1010.57
"922",2016-02-03,"Diesel 0.005%","inland",947.57
"923",2016-03-02,"Diesel 0.005%","inland",961.57
"924",2016-04-06,"Diesel 0.005%","inland",1059.27
"925",2016-05-04,"Diesel 0.005%","inland",1057.27
"926",2016-06-01,"Diesel 0.005%","inland",1133.27
"927",2016-07-06,"Diesel 0.005%","inland",1174.27
"928",2016-08-03,"Diesel 0.005%","inland",1101.27
"929",2016-09-07,"Diesel 0.005%","inland",1052.27
"930",2016-10-05,"Diesel 0.005%","inland",1075.27
"931",2016-11-02,"Diesel 0.005%","inland",1138.27
"932",2016-12-07,"Diesel 0.005%","inland",1107.23
"933",2017-01-04,"Diesel 0.005%","inland",1144.23
"934",2017-02-01,"Diesel 0.005%","inland",1165.23
"935",2017-03-01,"Diesel 0.005%","inland",1163.23
"936",2017-04-05,"Diesel 0.005%","inland",1152.73
"937",2017-05-03,"Diesel 0.005%","inland",1184.73
"938",2017-06-07,"Diesel 0.005%","inland",1161.73
"939",2017-07-05,"Diesel 0.005%","inland",1101.73
"940",2017-08-02,"Diesel 0.005%","inland",1131.73
"941",2017-09-06,"Diesel 0.005%","inland",1175.73
"942",2017-10-04,"Diesel 0.005%","inland",1217.73
"943",2017-11-01,"Diesel 0.005%","inland",1244.73
"944",2017-12-06,"Diesel 0.005%","inland",1302.03
"945",2018-01-03,"Diesel 0.005%","inland",1276.03
"946",2018-02-07,"Diesel 0.005%","inland",1259.03
"947",2018-03-07,"Diesel 0.005%","inland",1215.03
"948",2018-04-04,"Diesel 0.005%","inland",1280.23
"949",2018-05-02,"Diesel 0.005%","inland",1338.23
"950",2018-06-06,"Diesel 0.005%","inland",1425.23
"951",2018-07-04,"Diesel 0.005%","inland",1449.23
"952",2018-08-01,"Diesel 0.005%","inland",1445.23
"953",2018-09-05,"Diesel 0.005%","inland",1445.23
"954",2018-10-03,"Diesel 0.005%","inland",1569.23
"955",2018-11-07,"Diesel 0.005%","inland",1620.15
"956",2018-12-05,"Diesel 0.005%","inland",1472.74
"957",2019-01-02,"Diesel 0.005%","inland",1316.82
"958",2019-02-06,"Diesel 0.005%","inland",1318.82
"959",2019-03-06,"Diesel 0.005%","inland",1411.82
"960",2019-04-03,"Diesel 0.005%","inland",1494.52
"961",2019-05-01,"Diesel 0.005%","inland",1494.52
"962",2019-06-05,"Diesel 0.005%","inland",1527.68
"963",2019-07-03,"Diesel 0.005%","inland",1451.9
"964",2019-08-07,"Diesel 0.005%","inland",1437.61
"965",2019-09-04,"Diesel 0.005%","inland",1463.61
"966",2019-10-02,"Diesel 0.005%","inland",1488.61
"967",2019-11-06,"Diesel 0.005%","inland",1474.61
"968",2019-12-04,"Diesel 0.005%","inland",1458.66
"969",2020-01-01,"Diesel 0.005%","inland",1467.66
"970",2020-02-05,"Diesel 0.005%","inland",1462.6
"971",2020-03-04,"Diesel 0.005%","inland",1408.66
"972",2020-04-01,"Diesel 0.005%","inland",1273.96
"973",2020-05-06,"Diesel 0.005%","inland",1117.96
"974",2020-06-03,"Diesel 0.005%","inland",1138.96
"975",2020-07-01,"Diesel 0.005%","inland",1307.96
"976",2020-08-05,"Diesel 0.005%","inland",1352.96
"977",2020-09-02,"Diesel 0.005%","inland",1331.96
"978",2020-10-07,"Diesel 0.005%","inland",1238.96
"979",2020-11-04,"Diesel 0.005%","inland",1227.96
"980",2020-12-02,"Diesel 0.005%","inland",1247.82
"981",2021-01-06,"Diesel 0.005%","inland",1301.82
"982",2012-01-03,"Illuminating Paraffin","coastal",752.528
"983",2012-02-01,"Illuminating Paraffin","coastal",749.528
"984",2012-03-07,"Illuminating Paraffin","coastal",753.528
"985",2012-04-04,"Illuminating Paraffin","coastal",774.128
"986",2012-05-02,"Illuminating Paraffin","coastal",783.128
"987",2012-06-06,"Illuminating Paraffin","coastal",762.128
"988",2012-07-04,"Illuminating Paraffin","coastal",704.128
"989",2012-08-01,"Illuminating Paraffin","coastal",719.128
"990",2012-09-05,"Illuminating Paraffin","coastal",792.128
"991",2012-10-03,"Illuminating Paraffin","coastal",825.128
"992",2012-11-07,"Illuminating Paraffin","coastal",828.128
"993",2012-12-05,"Illuminating Paraffin","coastal",824.128
"994",2013-01-02,"Illuminating Paraffin","coastal",807.128
"995",2013-02-06,"Illuminating Paraffin","coastal",833.128
"996",2013-03-06,"Illuminating Paraffin","coastal",890.128
"997",2013-04-03,"Illuminating Paraffin","coastal",860.328
"998",2013-05-01,"Illuminating Paraffin","coastal",802.328
"999",2013-06-05,"Illuminating Paraffin","coastal",803.328
"1000",2013-07-03,"Illuminating Paraffin","coastal",878.328
"1001",2013-08-07,"Illuminating Paraffin","coastal",903.328
"1002",2013-09-04,"Illuminating Paraffin","coastal",928.328
"1003",2013-10-02,"Illuminating Paraffin","coastal",924.328
"1004",2013-11-06,"Illuminating Paraffin","coastal",908.328
"1005",2013-12-04,"Illuminating Paraffin","coastal",924.828
"1006",2014-01-01,"Illuminating Paraffin","coastal",963.828
"1007",2014-02-05,"Illuminating Paraffin","coastal",975.828
"1008",2014-03-05,"Illuminating Paraffin","coastal",991.828
"1009",2014-04-02,"Illuminating Paraffin","coastal",953.028
"1010",2014-05-07,"Illuminating Paraffin","coastal",934.028
"1011",2014-06-04,"Illuminating Paraffin","coastal",924.028
"1012",2014-07-02,"Illuminating Paraffin","coastal",947.028
"1013",2014-08-06,"Illuminating Paraffin","coastal",940.028
"1014",2014-09-03,"Illuminating Paraffin","coastal",921.028
"1015",2014-10-01,"Illuminating Paraffin","coastal",907.028
"1016",2014-11-05,"Illuminating Paraffin","coastal",855.028
"1017",2014-12-03,"Illuminating Paraffin","coastal",805.728
"1018",2015-01-07,"Illuminating Paraffin","coastal",697.728
"1019",2015-02-04,"Illuminating Paraffin","coastal",595.728
"1020",2015-03-04,"Illuminating Paraffin","coastal",668.728
"1021",2015-04-01,"Illuminating Paraffin","coastal",690.828
"1022",2015-05-06,"Illuminating Paraffin","coastal",685.828
"1023",2015-06-03,"Illuminating Paraffin","coastal",727.828
"1024",2015-07-01,"Illuminating Paraffin","coastal",733.828
"1025",2015-08-05,"Illuminating Paraffin","coastal",663.828
"1026",2015-09-02,"Illuminating Paraffin","coastal",608.828
"1027",2015-10-07,"Illuminating Paraffin","coastal",658.828
"1028",2015-11-04,"Illuminating Paraffin","coastal",656.828
"1029",2015-12-02,"Illuminating Paraffin","coastal",657.028
"1030",2016-01-06,"Illuminating Paraffin","coastal",594.028
"1031",2016-02-03,"Illuminating Paraffin","coastal",535.028
"1032",2016-03-02,"Illuminating Paraffin","coastal",552.028
"1033",2016-04-06,"Illuminating Paraffin","coastal",608.028
"1034",2016-05-04,"Illuminating Paraffin","coastal",601.028
"1035",2016-06-01,"Illuminating Paraffin","coastal",663.028
"1036",2016-07-06,"Illuminating Paraffin","coastal",706.028
"1037",2016-08-03,"Illuminating Paraffin","coastal",640.028
"1038",2016-09-07,"Illuminating Paraffin","coastal",593.028
"1039",2016-10-05,"Illuminating Paraffin","coastal",615.028
"1040",2016-11-02,"Illuminating Paraffin","coastal",672.028
"1041",2016-12-07,"Illuminating Paraffin","coastal",643.988
"1042",2017-01-04,"Illuminating Paraffin","coastal",686.988
"1043",2017-02-01,"Illuminating Paraffin","coastal",703.988
"1044",2017-03-01,"Illuminating Paraffin","coastal",695.988
"1045",2017-04-05,"Illuminating Paraffin","coastal",644.188
"1046",2017-05-03,"Illuminating Paraffin","coastal",678.188
"1047",2017-06-07,"Illuminating Paraffin","coastal",656.188
"1048",2017-07-05,"Illuminating Paraffin","coastal",599.188
"1049",2017-08-02,"Illuminating Paraffin","coastal",625.188
"1050",2017-09-06,"Illuminating Paraffin","coastal",674.188
"1051",2017-10-04,"Illuminating Paraffin","coastal",713.188
"1052",2017-11-01,"Illuminating Paraffin","coastal",734.188
"1053",2017-12-06,"Illuminating Paraffin","coastal",807.488
"1054",2018-01-03,"Illuminating Paraffin","coastal",779.488
"1055",2018-02-07,"Illuminating Paraffin","coastal",760.488
"1056",2018-03-07,"Illuminating Paraffin","coastal",737.488
"1057",2018-04-04,"Illuminating Paraffin","coastal",732.588
"1058",2018-05-02,"Illuminating Paraffin","coastal",784.588
"1059",2018-06-06,"Illuminating Paraffin","coastal",866.588
"1060",2018-07-04,"Illuminating Paraffin","coastal",888.588
"1061",2018-08-01,"Illuminating Paraffin","coastal",892.588
"1062",2018-09-05,"Illuminating Paraffin","coastal",892.588
"1063",2018-10-03,"Illuminating Paraffin","coastal",996.588
"1064",2018-11-07,"Illuminating Paraffin","coastal",1024.59
"1065",2018-12-05,"Illuminating Paraffin","coastal",891.18
"1066",2019-01-02,"Illuminating Paraffin","coastal",768.178
"1067",2019-02-06,"Illuminating Paraffin","coastal",763.178
"1068",2019-03-06,"Illuminating Paraffin","coastal",839.178
"1069",2019-04-03,"Illuminating Paraffin","coastal",895.478
"1070",2019-05-01,"Illuminating Paraffin","coastal",898.478
"1071",2019-06-05,"Illuminating Paraffin","coastal",906.478
"1072",2019-07-03,"Illuminating Paraffin","coastal",849.478
"1073",2019-08-07,"Illuminating Paraffin","coastal",847.478
"1074",2019-09-04,"Illuminating Paraffin","coastal",871.48
"1075",2019-10-02,"Illuminating Paraffin","coastal",896.48
"1076",2019-11-06,"Illuminating Paraffin","coastal",873.48
"1077",2019-12-04,"Illuminating Paraffin","coastal",855.53
"1078",2020-01-01,"Illuminating Paraffin","coastal",860.528
"1079",2020-02-05,"Illuminating Paraffin","coastal",857.528
"1080",2020-03-04,"Illuminating Paraffin","coastal",789.528
"1081",2020-04-01,"Illuminating Paraffin","coastal",591.728
"1082",2020-05-06,"Illuminating Paraffin","coastal",368.728
"1083",2020-06-03,"Illuminating Paraffin","coastal",408.728
"1084",2020-07-01,"Illuminating Paraffin","coastal",622.728
"1085",2020-08-05,"Illuminating Paraffin","coastal",661.728
"1086",2020-09-02,"Illuminating Paraffin","coastal",635.728
"1087",2020-10-07,"Illuminating Paraffin","coastal",559.73
"1088",2020-11-04,"Illuminating Paraffin","coastal",574.73
"1089",2020-12-02,"Illuminating Paraffin","coastal",603.59
"1090",2021-01-06,"Illuminating Paraffin","coastal",658.59
"1091",2012-01-03,"Illuminating Paraffin","inland",788.428
"1092",2012-02-01,"Illuminating Paraffin","inland",785.428
"1093",2012-03-07,"Illuminating Paraffin","inland",789.428
"1094",2012-04-04,"Illuminating Paraffin","inland",816.028
"1095",2012-05-02,"Illuminating Paraffin","inland",825.028
"1096",2012-06-06,"Illuminating Paraffin","inland",804.028
"1097",2012-07-04,"Illuminating Paraffin","inland",746.028
"1098",2012-08-01,"Illuminating Paraffin","inland",761.028
"1099",2012-09-05,"Illuminating Paraffin","inland",834.028
"1100",2012-10-03,"Illuminating Paraffin","inland",867.028
"1101",2012-11-07,"Illuminating Paraffin","inland",870.028
"1102",2013-01-02,"Illuminating Paraffin","inland",849.028
"1103",2013-02-06,"Illuminating Paraffin","inland",875.028
"1104",2013-03-06,"Illuminating Paraffin","inland",932.028
"1105",2013-04-03,"Illuminating Paraffin","inland",906.228
"1106",2013-05-01,"Illuminating Paraffin","inland",848.228
"1107",2013-06-05,"Illuminating Paraffin","inland",849.228
"1108",2013-07-03,"Illuminating Paraffin","inland",924.228
"1109",2013-08-07,"Illuminating Paraffin","inland",949.228
"1110",2013-09-04,"Illuminating Paraffin","inland",974.228
"1111",2013-10-02,"Illuminating Paraffin","inland",970.228
"1112",2013-11-06,"Illuminating Paraffin","inland",954.228
"1113",2013-12-04,"Illuminating Paraffin","inland",970.728
"1114",2014-01-01,"Illuminating Paraffin","inland",1009.728
"1115",2014-02-05,"Illuminating Paraffin","inland",1021.728
"1116",2014-03-05,"Illuminating Paraffin","inland",1037.728
"1117",2014-04-02,"Illuminating Paraffin","inland",1003.228
"1118",2014-05-07,"Illuminating Paraffin","inland",984.228
"1119",2014-06-04,"Illuminating Paraffin","inland",974.228
"1120",2014-07-02,"Illuminating Paraffin","inland",997.228
"1121",2014-08-06,"Illuminating Paraffin","inland",990.228
"1122",2014-09-03,"Illuminating Paraffin","inland",971.228
"1123",2014-10-01,"Illuminating Paraffin","inland",957.228
"1124",2014-11-05,"Illuminating Paraffin","inland",905.228
"1125",2014-12-03,"Illuminating Paraffin","inland",855.928
"1126",2015-01-07,"Illuminating Paraffin","inland",747.928
"1127",2015-02-04,"Illuminating Paraffin","inland",645.928
"1128",2015-03-04,"Illuminating Paraffin","inland",718.928
"1129",2015-04-01,"Illuminating Paraffin","inland",743.828
"1130",2015-05-06,"Illuminating Paraffin","inland",738.828
"1131",2015-06-03,"Illuminating Paraffin","inland",780.828
"1132",2015-07-01,"Illuminating Paraffin","inland",786.828
"1133",2015-08-05,"Illuminating Paraffin","inland",716.828
"1134",2015-09-02,"Illuminating Paraffin","inland",661.828
"1135",2015-10-07,"Illuminating Paraffin","inland",711.828
"1136",2015-11-04,"Illuminating Paraffin","inland",709.828
"1137",2015-12-02,"Illuminating Paraffin","inland",710.028
"1138",2016-01-06,"Illuminating Paraffin","inland",647.028
"1139",2016-02-03,"Illuminating Paraffin","inland",588.028
"1140",2016-03-02,"Illuminating Paraffin","inland",605.028
"1141",2016-04-06,"Illuminating Paraffin","inland",662.628
"1142",2016-05-04,"Illuminating Paraffin","inland",655.628
"1143",2016-06-01,"Illuminating Paraffin","inland",717.628
"1144",2016-07-06,"Illuminating Paraffin","inland",760.628
"1145",2016-08-03,"Illuminating Paraffin","inland",694.628
"1146",2016-09-07,"Illuminating Paraffin","inland",647.628
"1147",2016-10-05,"Illuminating Paraffin","inland",669.628
"1148",2016-11-02,"Illuminating Paraffin","inland",726.628
"1149",2016-12-07,"Illuminating Paraffin","inland",698.588
"1150",2017-01-04,"Illuminating Paraffin","inland",741.588
"1151",2017-02-01,"Illuminating Paraffin","inland",758.588
"1152",2017-03-01,"Illuminating Paraffin","inland",750.588
"1153",2017-04-05,"Illuminating Paraffin","inland",702.088
"1154",2017-05-03,"Illuminating Paraffin","inland",736.088
"1155",2017-06-07,"Illuminating Paraffin","inland",714.088
"1156",2017-07-05,"Illuminating Paraffin","inland",657.088
"1157",2017-08-02,"Illuminating Paraffin","inland",683.088
"1158",2017-09-06,"Illuminating Paraffin","inland",732.088
"1159",2017-10-04,"Illuminating Paraffin","inland",771.088
"1160",2017-11-01,"Illuminating Paraffin","inland",792.088
"1161",2017-12-06,"Illuminating Paraffin","inland",865.388
"1162",2018-01-03,"Illuminating Paraffin","inland",837.388
"1163",2018-02-07,"Illuminating Paraffin","inland",818.388
"1164",2018-03-07,"Illuminating Paraffin","inland",795.388
"1165",2018-04-04,"Illuminating Paraffin","inland",793.088
"1166",2018-05-02,"Illuminating Paraffin","inland",845.088
"1167",2018-06-06,"Illuminating Paraffin","inland",927.088
"1168",2018-07-04,"Illuminating Paraffin","inland",949.088
"1169",2018-08-01,"Illuminating Paraffin","inland",953.088
"1170",2018-09-05,"Illuminating Paraffin","inland",953.088
"1171",2018-10-03,"Illuminating Paraffin","inland",1057.09
"1172",2018-11-07,"Illuminating Paraffin","inland",1085.09
"1173",2018-12-05,"Illuminating Paraffin","inland",951.68
"1174",2019-01-02,"Illuminating Paraffin","inland",828.678
"1175",2019-02-06,"Illuminating Paraffin","inland",823.678
"1176",2019-03-06,"Illuminating Paraffin","inland",899.678
"1177",2019-04-03,"Illuminating Paraffin","inland",962.678
"1178",2019-05-01,"Illuminating Paraffin","inland",965.68
"1179",2019-06-05,"Illuminating Paraffin","inland",973.68
"1180",2019-07-03,"Illuminating Paraffin","inland",916.68
"1181",2019-08-07,"Illuminating Paraffin","inland",914.678
"1182",2019-09-04,"Illuminating Paraffin","inland",938.68
"1183",2019-10-02,"Illuminating Paraffin","inland",963.68
"1184",2019-11-06,"Illuminating Paraffin","inland",940.68
"1185",2019-12-04,"Illuminating Paraffin","inland",922.73
"1186",2020-01-01,"Illuminating Paraffin","inland",927.728
"1187",2020-02-05,"Illuminating Paraffin","inland",924.728
"1188",2020-03-04,"Illuminating Paraffin","inland",856.728
"1189",2020-04-01,"Illuminating Paraffin","inland",672.828
"1190",2020-05-06,"Illuminating Paraffin","inland",449.828
"1191",2020-06-03,"Illuminating Paraffin","inland",489.828
"1192",2020-07-01,"Illuminating Paraffin","inland",703.828
"1193",2020-08-05,"Illuminating Paraffin","inland",742.828
"1194",2020-09-02,"Illuminating Paraffin","inland",716.828
"1195",2020-10-07,"Illuminating Paraffin","inland",640.83
"1196",2020-11-04,"Illuminating Paraffin","inland",655.83
"1197",2020-12-02,"Illuminating Paraffin","inland",684.69
"1198",2021-01-06,"Illuminating Paraffin","inland",739.69
"1199",2012-01-03,"Liquefied Petroleum Gas","coastal",1939
"1200",2012-02-01,"Liquefied Petroleum Gas","coastal",1989
"1201",2012-03-07,"Liquefied Petroleum Gas","coastal",2025
"1202",2012-04-04,"Liquefied Petroleum Gas","coastal",2093
"1203",2012-05-02,"Liquefied Petroleum Gas","coastal",2124
"1204",2012-06-06,"Liquefied Petroleum Gas","coastal",2025
"1205",2012-07-04,"Liquefied Petroleum Gas","coastal",1912
"1206",2012-08-01,"Liquefied Petroleum Gas","coastal",1964
"1207",2012-09-05,"Liquefied Petroleum Gas","coastal",2093
"1208",2012-10-03,"Liquefied Petroleum Gas","coastal",2090
"1209",2012-11-07,"Liquefied Petroleum Gas","coastal",2091
"1210",2012-12-05,"Liquefied Petroleum Gas","coastal",2056
"1211",2013-01-02,"Liquefied Petroleum Gas","coastal",2047
"1212",2013-02-06,"Liquefied Petroleum Gas","coastal",2120
"1213",2013-03-06,"Liquefied Petroleum Gas","coastal",2238
"1214",2013-04-03,"Liquefied Petroleum Gas","coastal",2183
"1215",2013-05-01,"Liquefied Petroleum Gas","coastal",2102
"1216",2013-06-05,"Liquefied Petroleum Gas","coastal",2107
"1217",2013-07-03,"Liquefied Petroleum Gas","coastal",2236
"1218",2013-08-07,"Liquefied Petroleum Gas","coastal",2258
"1219",2013-09-04,"Liquefied Petroleum Gas","coastal",2267
"1220",2013-10-02,"Liquefied Petroleum Gas","coastal",2227
"1221",2013-11-06,"Liquefied Petroleum Gas","coastal",2186
"1222",2013-12-04,"Liquefied Petroleum Gas","coastal",2204
"1223",2014-01-01,"Liquefied Petroleum Gas","coastal",2260
"1224",2014-02-05,"Liquefied Petroleum Gas","coastal",2314
"1225",2014-03-05,"Liquefied Petroleum Gas","coastal",2372
"1226",2014-04-02,"Liquefied Petroleum Gas","coastal",2350
"1227",2014-05-07,"Liquefied Petroleum Gas","coastal",2346
"1228",2014-06-04,"Liquefied Petroleum Gas","coastal",2319
"1229",2014-07-02,"Liquefied Petroleum Gas","coastal",2377
"1230",2014-08-06,"Liquefied Petroleum Gas","coastal",2365
"1231",2014-09-03,"Liquefied Petroleum Gas","coastal",2257
"1232",2014-10-01,"Liquefied Petroleum Gas","coastal",2269
"1233",2014-11-05,"Liquefied Petroleum Gas","coastal",2164
"1234",2014-12-03,"Liquefied Petroleum Gas","coastal",2039
"1235",2015-01-07,"Liquefied Petroleum Gas","coastal",1829
"1236",2015-02-04,"Liquefied Petroleum Gas","coastal",1679
"1237",2015-03-04,"Liquefied Petroleum Gas","coastal",1833
"1238",2015-04-01,"Liquefied Petroleum Gas","coastal",1918
"1239",2015-05-06,"Liquefied Petroleum Gas","coastal",1935
"1240",2015-06-03,"Liquefied Petroleum Gas","coastal",2035
"1241",2015-07-01,"Liquefied Petroleum Gas","coastal",2091
"1242",2015-08-05,"Liquefied Petroleum Gas","coastal",2002
"1243",2015-09-02,"Liquefied Petroleum Gas","coastal",1887
"1244",2015-10-07,"Liquefied Petroleum Gas","coastal",1898
"1245",2015-11-04,"Liquefied Petroleum Gas","coastal",1851
"1246",2015-12-02,"Liquefied Petroleum Gas","coastal",1847
"1247",2016-01-06,"Liquefied Petroleum Gas","coastal",1892
"1248",2016-02-03,"Liquefied Petroleum Gas","coastal",1893
"1249",2016-03-02,"Liquefied Petroleum Gas","coastal",1773
"1250",2016-04-06,"Liquefied Petroleum Gas","coastal",1883
"1251",2016-05-04,"Liquefied Petroleum Gas","coastal",1877
"1252",2016-06-01,"Liquefied Petroleum Gas","coastal",1976
"1253",2016-07-06,"Liquefied Petroleum Gas","coastal",1988
"1254",2016-08-03,"Liquefied Petroleum Gas","coastal",2010
"1255",2016-09-07,"Liquefied Petroleum Gas","coastal",1819
"1256",2016-10-05,"Liquefied Petroleum Gas","coastal",1877
"1257",2016-11-02,"Liquefied Petroleum Gas","coastal",1936
"1258",2016-12-07,"Liquefied Petroleum Gas","coastal",1913
"1259",2017-01-04,"Liquefied Petroleum Gas","coastal",2019
"1260",2017-02-01,"Liquefied Petroleum Gas","coastal",2040
"1261",2017-03-01,"Liquefied Petroleum Gas","coastal",2038
"1262",2017-04-05,"Liquefied Petroleum Gas","coastal",1937
"1263",2017-05-03,"Liquefied Petroleum Gas","coastal",2032
"1264",2017-06-07,"Liquefied Petroleum Gas","coastal",1955
"1265",2017-07-05,"Liquefied Petroleum Gas","coastal",1864
"1266",2017-08-02,"Liquefied Petroleum Gas","coastal",2092
"1267",2017-09-06,"Liquefied Petroleum Gas","coastal",1990
"1268",2017-10-04,"Liquefied Petroleum Gas","coastal",2028
"1269",2017-11-01,"Liquefied Petroleum Gas","coastal",2045
"1270",2017-12-06,"Liquefied Petroleum Gas","coastal",2236
"1271",2018-01-03,"Liquefied Petroleum Gas","coastal",2165
"1272",2018-02-07,"Liquefied Petroleum Gas","coastal",2142
"1273",2018-03-07,"Liquefied Petroleum Gas","coastal",2073
"1274",2018-04-04,"Liquefied Petroleum Gas","coastal",2111
"1275",2018-05-02,"Liquefied Petroleum Gas","coastal",2180
"1276",2018-06-06,"Liquefied Petroleum Gas","coastal",2318
"1277",2018-07-04,"Liquefied Petroleum Gas","coastal",2356
"1278",2018-08-01,"Liquefied Petroleum Gas","coastal",2372
"1279",2018-09-05,"Liquefied Petroleum Gas","coastal",2372
"1280",2018-10-03,"Liquefied Petroleum Gas","coastal",2551
"1281",2018-11-07,"Liquefied Petroleum Gas","coastal",2490
"1282",2018-12-05,"Liquefied Petroleum Gas","coastal",2238
"1283",2019-01-02,"Liquefied Petroleum Gas","coastal",2106
"1284",2019-02-06,"Liquefied Petroleum Gas","coastal",2095
"1285",2019-03-06,"Liquefied Petroleum Gas","coastal",2196
"1286",2019-04-03,"Liquefied Petroleum Gas","coastal",2367
"1287",2019-05-01,"Liquefied Petroleum Gas","coastal",2451
"1288",2019-06-05,"Liquefied Petroleum Gas","coastal",2443
"1289",2019-07-03,"Liquefied Petroleum Gas","coastal",2310
"1290",2019-08-07,"Liquefied Petroleum Gas","coastal",2342
"1291",2019-09-04,"Liquefied Petroleum Gas","coastal",2326
"1292",2019-10-02,"Liquefied Petroleum Gas","coastal",2343
"1293",2019-11-06,"Liquefied Petroleum Gas","coastal",2313
"1294",2019-12-04,"Liquefied Petroleum Gas","coastal",2403
"1295",2020-01-01,"Liquefied Petroleum Gas","coastal",2379
"1296",2020-02-05,"Liquefied Petroleum Gas","coastal",2378
"1297",2020-03-04,"Liquefied Petroleum Gas","coastal",2346
"1298",2020-04-01,"Liquefied Petroleum Gas","coastal",1968
"1299",2020-05-06,"Liquefied Petroleum Gas","coastal",1706
"1300",2020-06-03,"Liquefied Petroleum Gas","coastal",1904
"1301",2020-07-01,"Liquefied Petroleum Gas","coastal",2352
"1302",2020-08-05,"Liquefied Petroleum Gas","coastal",2348
"1303",2020-09-02,"Liquefied Petroleum Gas","coastal",2384
"1304",2020-10-07,"Liquefied Petroleum Gas","coastal",2364
"1305",2020-11-04,"Liquefied Petroleum Gas","coastal",2389
"1306",2020-12-02,"Liquefied Petroleum Gas","coastal",2516
"1307",2021-01-06,"Liquefied Petroleum Gas","coastal",2472
"1308",2013-01-02,"Liquefied Petroleum Gas","inland",2229
"1309",2013-02-06,"Liquefied Petroleum Gas","inland",2302
"1310",2013-03-06,"Liquefied Petroleum Gas","inland",2420
"1311",2013-04-03,"Liquefied Petroleum Gas","inland",2365
"1312",2013-05-01,"Liquefied Petroleum Gas","inland",2284
"1313",2013-06-05,"Liquefied Petroleum Gas","inland",2289
"1314",2013-07-03,"Liquefied Petroleum Gas","inland",2418
"1315",2013-08-07,"Liquefied Petroleum Gas","inland",2440
"1316",2013-09-04,"Liquefied Petroleum Gas","inland",2449
"1317",2013-10-02,"Liquefied Petroleum Gas","inland",2409
"1318",2013-11-06,"Liquefied Petroleum Gas","inland",2368
"1319",2013-12-04,"Liquefied Petroleum Gas","inland",2386
"1320",2014-01-01,"Liquefied Petroleum Gas","inland",2442
"1321",2014-02-05,"Liquefied Petroleum Gas","inland",2496
"1322",2014-03-05,"Liquefied Petroleum Gas","inland",2554
"1323",2014-04-02,"Liquefied Petroleum Gas","inland",2532
"1324",2014-05-07,"Liquefied Petroleum Gas","inland",2528
"1325",2014-06-04,"Liquefied Petroleum Gas","inland",2501
"1326",2014-07-02,"Liquefied Petroleum Gas","inland",2559
"1327",2014-08-06,"Liquefied Petroleum Gas","inland",2547
"1328",2014-09-03,"Liquefied Petroleum Gas","inland",2439
"1329",2014-10-01,"Liquefied Petroleum Gas","inland",2451
"1330",2014-11-05,"Liquefied Petroleum Gas","inland",2346
"1331",2014-12-03,"Liquefied Petroleum Gas","inland",2221
"1332",2015-01-07,"Liquefied Petroleum Gas","inland",2011
"1333",2015-02-04,"Liquefied Petroleum Gas","inland",1861
"1334",2015-03-04,"Liquefied Petroleum Gas","inland",2015
"1335",2015-04-01,"Liquefied Petroleum Gas","inland",2100
"1336",2015-05-06,"Liquefied Petroleum Gas","inland",2117
"1337",2015-06-03,"Liquefied Petroleum Gas","inland",2217
"1338",2015-07-01,"Liquefied Petroleum Gas","inland",2273
"1339",2015-08-05,"Liquefied Petroleum Gas","inland",2184
"1340",2015-09-02,"Liquefied Petroleum Gas","inland",2069
"1341",2015-10-07,"Liquefied Petroleum Gas","inland",2080
"1342",2015-11-04,"Liquefied Petroleum Gas","inland",2033
"1343",2015-12-02,"Liquefied Petroleum Gas","inland",2029
"1344",2016-01-06,"Liquefied Petroleum Gas","inland",2074
"1345",2016-02-03,"Liquefied Petroleum Gas","inland",2075
"1346",2016-03-02,"Liquefied Petroleum Gas","inland",1955
"1347",2016-04-06,"Liquefied Petroleum Gas","inland",2065
"1348",2016-05-04,"Liquefied Petroleum Gas","inland",2060
"1349",2016-06-01,"Liquefied Petroleum Gas","inland",2158
"1350",2016-07-06,"Liquefied Petroleum Gas","inland",2170
"1351",2016-08-03,"Liquefied Petroleum Gas","inland",1828
"1352",2016-09-07,"Liquefied Petroleum Gas","inland",2001
"1353",2016-10-05,"Liquefied Petroleum Gas","inland",2059
"1354",2016-11-02,"Liquefied Petroleum Gas","inland",2118
"1355",2016-12-07,"Liquefied Petroleum Gas","inland",2100
"1356",2017-01-04,"Liquefied Petroleum Gas","inland",2207
"1357",2017-02-01,"Liquefied Petroleum Gas","inland",2228
"1358",2017-03-01,"Liquefied Petroleum Gas","inland",2226
"1359",2017-04-05,"Liquefied Petroleum Gas","inland",2125
"1360",2017-05-03,"Liquefied Petroleum Gas","inland",2221
"1361",2017-06-07,"Liquefied Petroleum Gas","inland",2144
"1362",2017-07-05,"Liquefied Petroleum Gas","inland",2053
"1363",2017-08-02,"Liquefied Petroleum Gas","inland",1904
"1364",2017-09-06,"Liquefied Petroleum Gas","inland",2178
"1365",2017-10-04,"Liquefied Petroleum Gas","inland",2217
"1366",2017-11-01,"Liquefied Petroleum Gas","inland",2234
"1367",2017-12-06,"Liquefied Petroleum Gas","inland",2438
"1368",2018-01-03,"Liquefied Petroleum Gas","inland",2367
"1369",2018-02-07,"Liquefied Petroleum Gas","inland",2344
"1370",2018-03-07,"Liquefied Petroleum Gas","inland",2275
"1371",2018-04-04,"Liquefied Petroleum Gas","inland",2314
"1372",2018-05-02,"Liquefied Petroleum Gas","inland",2384
"1373",2018-06-06,"Liquefied Petroleum Gas","inland",2522
"1374",2018-07-04,"Liquefied Petroleum Gas","inland",2559
"1375",2018-08-01,"Liquefied Petroleum Gas","inland",2576
"1376",2018-09-05,"Liquefied Petroleum Gas","inland",2576
"1377",2018-10-03,"Liquefied Petroleum Gas","inland",2755
"1378",2018-11-07,"Liquefied Petroleum Gas","inland",2694
"1379",2018-12-05,"Liquefied Petroleum Gas","inland",2451
"1380",2019-01-02,"Liquefied Petroleum Gas","inland",2319
"1381",2019-02-06,"Liquefied Petroleum Gas","inland",2308
"1382",2019-03-06,"Liquefied Petroleum Gas","inland",2409
"1383",2019-04-03,"Liquefied Petroleum Gas","inland",2580
"1384",2019-05-01,"Liquefied Petroleum Gas","inland",2664
"1385",2019-06-05,"Liquefied Petroleum Gas","inland",2657
"1386",2019-07-03,"Liquefied Petroleum Gas","inland",2524
"1387",2019-08-07,"Liquefied Petroleum Gas","inland",2555
"1388",2019-09-04,"Liquefied Petroleum Gas","inland",2539
"1389",2019-10-02,"Liquefied Petroleum Gas","inland",2556
"1390",2019-11-06,"Liquefied Petroleum Gas","inland",2526
"1391",2019-12-04,"Liquefied Petroleum Gas","inland",2628
"1392",2020-01-01,"Liquefied Petroleum Gas","inland",2604
"1393",2020-02-05,"Liquefied Petroleum Gas","inland",2603
"1394",2020-03-04,"Liquefied Petroleum Gas","inland",2571
"1395",2020-04-01,"Liquefied Petroleum Gas","inland",2193
"1396",2020-05-06,"Liquefied Petroleum Gas","inland",1931
"1397",2020-06-03,"Liquefied Petroleum Gas","inland",2129
"1398",2020-07-01,"Liquefied Petroleum Gas","inland",2577
"1399",2020-08-05,"Liquefied Petroleum Gas","inland",2573
"1400",2020-09-02,"Liquefied Petroleum Gas","inland",2609
"1401",2020-10-07,"Liquefied Petroleum Gas","inland",2589
"1402",2020-11-04,"Liquefied Petroleum Gas","inland",2615
"1403",2020-12-02,"Liquefied Petroleum Gas","inland",2752
"1404",2021-01-06,"Liquefied Petroleum Gas","inland",2708
